case_id,source_image_id,image_variant_id,category,image_path,expected_damage,expected_consistency,predicted_damage,predicted_consistency,damage_confidence,needs_human_review,reason_code,execution_status,model
DDV1-001,H001,H001-ORIGINAL,original_image_matching_claim,data\Week4_damage_dataset_v1\images\holes_35\hole_001.jpg,hole_or_tear,positive,uncertain,ambiguous,0.471375,true,visual_review_required,executed,clip
DDV1-002,H002,H002-ORIGINAL,original_image_matching_claim,data\Week4_damage_dataset_v1\images\holes_35\hole_002.jpg,hole_or_tear,positive,stain_or_spot,negative,0.816086,false,damage_type_mismatch,executed,clip
DDV1-003,H003,H003-ORIGINAL,original_image_matching_claim,data\Week4_damage_dataset_v1\images\holes_35\hole_003.jpg,hole_or_tear,positive,stain_or_spot,negative,0.839101,false,damage_type_mismatch,executed,clip
DDV1-004,H004,H004-ORIGINAL,original_image_matching_claim,data\Week4_damage_dataset_v1\images\holes_35\hole_004.jpg,hole_or_tear,positive,no_damage,ambiguous,0.502832,true,visual_review_required,executed,clip
DDV1-005,H005,H005-ORIGINAL,original_image_matching_claim,data\Week4_damage_dataset_v1\images\holes_35\hole_005.jpg,hole_or_tear,positive,stain_or_spot,negative,0.823061,false,damage_type_mismatch,executed,clip
DDV1-006,H006,H006-ORIGINAL,original_image_matching_claim,data\Week4_damage_dataset_v1\images\holes_35\hole_006.jpg,hole_or_tear,positive,stain_or_spot,ambiguous,0.597256,true,visual_review_required,executed,clip
DDV1-007,H007,H007-ORIGINAL,original_image_matching_claim,data\Week4_damage_dataset_v1\images\holes_35\hole_007.jpg,hole_or_tear,positive,uncertain,ambiguous,0.449843,true,visual_review_required,executed,clip
DDV1-008,H008,H008-ORIGINAL,original_image_matching_claim,data\Week4_damage_dataset_v1\images\holes_35\hole_008.jpg,hole_or_tear,positive,stain_or_spot,negative,0.824960,false,damage_type_mismatch,executed,clip
DDV1-009,H009,H009-ORIGINAL,original_image_matching_claim,data\Week4_damage_dataset_v1\images\holes_35\hole_009.jpg,hole_or_tear,positive,stain_or_spot,negative,0.847954,false,damage_type_mismatch,executed,clip
DDV1-010,H010,H010-ORIGINAL,original_image_matching_claim,data\Week4_damage_dataset_v1\images\holes_35\hole_010.jpg,hole_or_tear,positive,no_damage,ambiguous,0.669462,true,visual_review_required,executed,clip
DDV1-011,H011,H011-ORIGINAL,original_image_matching_claim,data\Week4_damage_dataset_v1\images\holes_35\hole_011.jpg,hole_or_tear,positive,no_damage,ambiguous,0.552277,true,visual_review_required,executed,clip
DDV1-012,H012,H012-ORIGINAL,original_image_matching_claim,data\Week4_damage_dataset_v1\images\holes_35\hole_012.jpg,hole_or_tear,positive,uncertain,ambiguous,0.491138,true,visual_review_required,executed,clip
DDV1-013,H013,H013-ORIGINAL,original_image_matching_claim,data\Week4_damage_dataset_v1\images\holes_35\hole_013.jpg,hole_or_tear,positive,stain_or_spot,negative,0.816831,false,damage_type_mismatch,executed,clip
DDV1-014,H014,H014-ORIGINAL,original_image_matching_claim,data\Week4_damage_dataset_v1\images\holes_35\hole_014.jpg,hole_or_tear,positive,stain_or_spot,negative,0.789934,false,damage_type_mismatch,executed,clip
DDV1-015,H015,H015-ORIGINAL,original_image_matching_claim,data\Week4_damage_dataset_v1\images\holes_35\hole_015.jpg,hole_or_tear,positive,stain_or_spot,negative,0.837245,false,damage_type_mismatch,executed,clip
DDV1-016,H016,H016-ORIGINAL,original_image_matching_claim,data\Week4_damage_dataset_v1\images\holes_35\hole_016.jpg,hole_or_tear,positive,uncertain,ambiguous,0.475536,true,visual_review_required,executed,clip
DDV1-017,H017,H017-ORIGINAL,original_image_matching_claim,data\Week4_damage_dataset_v1\images\holes_35\hole_017.jpg,hole_or_tear,positive,stain_or_spot,negative,0.890638,false,damage_type_mismatch,executed,clip
DDV1-018,H018,H018-ORIGINAL,original_image_matching_claim,data\Week4_damage_dataset_v1\images\holes_35\hole_018.jpg,hole_or_tear,positive,stain_or_spot,negative,0.792972,false,damage_type_mismatch,executed,clip
DDV1-019,H019,H019-ORIGINAL,original_image_matching_claim,data\Week4_damage_dataset_v1\images\holes_35\hole_019.jpg,hole_or_tear,positive,no_damage,ambiguous,0.509156,true,visual_review_required,executed,clip
DDV1-020,H020,H020-ORIGINAL,original_image_matching_claim,data\Week4_damage_dataset_v1\images\holes_35\hole_020.jpg,hole_or_tear,positive,stain_or_spot,ambiguous,0.634253,true,visual_review_required,executed,clip
DDV1-021,S001,S001-ORIGINAL,original_image_matching_claim,data\Week4_damage_dataset_v1\images\spots_35\spot_001.jpg,stain_or_spot,positive,stain_or_spot,ambiguous,0.660789,true,visual_review_required,executed,clip
DDV1-022,S002,S002-ORIGINAL,original_image_matching_claim,data\Week4_damage_dataset_v1\images\spots_35\spot_002.jpg,stain_or_spot,positive,stain_or_spot,positive,0.732424,false,damage_type_matches,executed,clip
DDV1-023,S003,S003-ORIGINAL,original_image_matching_claim,data\Week4_damage_dataset_v1\images\spots_35\spot_003.jpg,stain_or_spot,positive,no_damage,ambiguous,0.473986,true,visual_review_required,executed,clip
DDV1-024,S004,S004-ORIGINAL,original_image_matching_claim,data\Week4_damage_dataset_v1\images\spots_35\spot_004.jpg,stain_or_spot,positive,stain_or_spot,positive,0.920455,false,damage_type_matches,executed,clip
DDV1-025,S005,S005-ORIGINAL,original_image_matching_claim,data\Week4_damage_dataset_v1\images\spots_35\spot_005.jpg,stain_or_spot,positive,stain_or_spot,positive,0.870171,false,damage_type_matches,executed,clip
DDV1-026,S006,S006-ORIGINAL,original_image_matching_claim,data\Week4_damage_dataset_v1\images\spots_35\spot_006.jpg,stain_or_spot,positive,stain_or_spot,positive,0.817138,false,damage_type_matches,executed,clip
DDV1-027,S007,S007-ORIGINAL,original_image_matching_claim,data\Week4_damage_dataset_v1\images\spots_35\spot_007.jpg,stain_or_spot,positive,uncertain,ambiguous,0.500735,true,visual_review_required,executed,clip
DDV1-028,S008,S008-ORIGINAL,original_image_matching_claim,data\Week4_damage_dataset_v1\images\spots_35\spot_008.jpg,stain_or_spot,positive,stain_or_spot,positive,0.771248,false,damage_type_matches,executed,clip
DDV1-029,S009,S009-ORIGINAL,original_image_matching_claim,data\Week4_damage_dataset_v1\images\spots_35\spot_009.jpg,stain_or_spot,positive,stain_or_spot,positive,0.734603,false,damage_type_matches,executed,clip
DDV1-030,S010,S010-ORIGINAL,original_image_matching_claim,data\Week4_damage_dataset_v1\images\spots_35\spot_010.jpg,stain_or_spot,positive,hole_or_tear,ambiguous,0.452812,true,visual_review_required,executed,clip
DDV1-031,S011,S011-ORIGINAL,original_image_matching_claim,data\Week4_damage_dataset_v1\images\spots_35\spot_011.jpg,stain_or_spot,positive,stain_or_spot,ambiguous,0.605684,true,visual_review_required,executed,clip
DDV1-032,S012,S012-ORIGINAL,original_image_matching_claim,data\Week4_damage_dataset_v1\images\spots_35\spot_012.jpg,stain_or_spot,positive,stain_or_spot,ambiguous,0.650947,true,visual_review_required,executed,clip
DDV1-033,S013,S013-ORIGINAL,original_image_matching_claim,data\Week4_damage_dataset_v1\images\spots_35\spot_013.jpg,stain_or_spot,positive,stain_or_spot,positive,0.804606,false,damage_type_matches,executed,clip
DDV1-034,S014,S014-ORIGINAL,original_image_matching_claim,data\Week4_damage_dataset_v1\images\spots_35\spot_014.jpg,stain_or_spot,positive,stain_or_spot,positive,0.791292,false,damage_type_matches,executed,clip
DDV1-035,S015,S015-ORIGINAL,original_image_matching_claim,data\Week4_damage_dataset_v1\images\spots_35\spot_015.jpg,stain_or_spot,positive,stain_or_spot,ambiguous,0.645624,true,visual_review_required,executed,clip
DDV1-036,S016,S016-ORIGINAL,original_image_matching_claim,data\Week4_damage_dataset_v1\images\spots_35\spot_016.jpg,stain_or_spot,positive,uncertain,ambiguous,0.465417,true,visual_review_required,executed,clip
DDV1-037,S017,S017-ORIGINAL,original_image_matching_claim,data\Week4_damage_dataset_v1\images\spots_35\spot_017.jpg,stain_or_spot,positive,stain_or_spot,positive,0.839867,false,damage_type_matches,executed,clip
DDV1-038,S018,S018-ORIGINAL,original_image_matching_claim,data\Week4_damage_dataset_v1\images\spots_35\spot_018.jpg,stain_or_spot,positive,stain_or_spot,ambiguous,0.576818,true,visual_review_required,executed,clip
DDV1-039,S019,S019-ORIGINAL,original_image_matching_claim,data\Week4_damage_dataset_v1\images\spots_35\spot_019.jpg,stain_or_spot,positive,no_damage,ambiguous,0.517970,true,visual_review_required,executed,clip
DDV1-040,S020,S020-ORIGINAL,original_image_matching_claim,data\Week4_damage_dataset_v1\images\spots_35\spot_020.jpg,stain_or_spot,positive,stain_or_spot,positive,0.761197,false,damage_type_matches,executed,clip
DDV1-041,S021,S021-ORIGINAL,false_hole_claim_on_clean_appearing_image,data\Week4_damage_dataset_v1\images\spots_35\spot_021.jpg,no_damage,negative,stain_or_spot,negative,0.896813,false,damage_type_mismatch,executed,clip
DDV1-042,S022,S022-ORIGINAL,false_hole_claim_on_clean_appearing_image,data\Week4_damage_dataset_v1\images\spots_35\spot_022.jpg,no_damage,negative,stain_or_spot,ambiguous,0.597048,true,visual_review_required,executed,clip
DDV1-043,S023,S023-ORIGINAL,false_hole_claim_on_clean_appearing_image,data\Week4_damage_dataset_v1\images\spots_35\spot_023.jpg,no_damage,negative,stain_or_spot,negative,0.744836,false,damage_type_mismatch,executed,clip
DDV1-044,S024,S024-ORIGINAL,false_hole_claim_on_clean_appearing_image,data\Week4_damage_dataset_v1\images\spots_35\spot_024.jpg,no_damage,negative,stain_or_spot,negative,0.799573,false,damage_type_mismatch,executed,clip
DDV1-045,S025,S025-ORIGINAL,false_hole_claim_on_clean_appearing_image,data\Week4_damage_dataset_v1\images\spots_35\spot_025.jpg,no_damage,negative,stain_or_spot,negative,0.790380,false,damage_type_mismatch,executed,clip
DDV1-046,S026,S026-ORIGINAL,false_hole_claim_on_clean_appearing_image,data\Week4_damage_dataset_v1\images\spots_35\spot_026.jpg,no_damage,negative,stain_or_spot,ambiguous,0.629218,true,visual_review_required,executed,clip
DDV1-047,S027,S027-ORIGINAL,false_hole_claim_on_clean_appearing_image,data\Week4_damage_dataset_v1\images\spots_35\spot_027.jpg,no_damage,negative,no_damage,ambiguous,0.542247,true,visual_review_required,executed,clip
DDV1-048,S028,S028-ORIGINAL,false_hole_claim_on_clean_appearing_image,data\Week4_damage_dataset_v1\images\spots_35\spot_028.jpg,no_damage,negative,stain_or_spot,ambiguous,0.660526,true,visual_review_required,executed,clip
DDV1-049,S029,S029-ORIGINAL,false_hole_claim_on_clean_appearing_image,data\Week4_damage_dataset_v1\images\spots_35\spot_029.jpg,no_damage,negative,stain_or_spot,ambiguous,0.684788,true,visual_review_required,executed,clip
DDV1-050,S030,S030-ORIGINAL,false_hole_claim_on_clean_appearing_image,data\Week4_damage_dataset_v1\images\spots_35\spot_030.jpg,no_damage,negative,no_damage,ambiguous,0.519549,true,visual_review_required,executed,clip
DDV1-051,S026,S026-ORIGINAL,false_stain_claim_on_clean_appearing_image,data\Week4_damage_dataset_v1\images\spots_35\spot_026.jpg,no_damage,negative,stain_or_spot,ambiguous,0.629218,true,visual_review_required,executed,clip
DDV1-052,S027,S027-ORIGINAL,false_stain_claim_on_clean_appearing_image,data\Week4_damage_dataset_v1\images\spots_35\spot_027.jpg,no_damage,negative,no_damage,ambiguous,0.542247,true,visual_review_required,executed,clip
DDV1-053,S028,S028-ORIGINAL,false_stain_claim_on_clean_appearing_image,data\Week4_damage_dataset_v1\images\spots_35\spot_028.jpg,no_damage,negative,stain_or_spot,ambiguous,0.660526,true,visual_review_required,executed,clip
DDV1-054,S029,S029-ORIGINAL,false_stain_claim_on_clean_appearing_image,data\Week4_damage_dataset_v1\images\spots_35\spot_029.jpg,no_damage,negative,stain_or_spot,ambiguous,0.684788,true,visual_review_required,executed,clip
DDV1-055,S030,S030-ORIGINAL,false_stain_claim_on_clean_appearing_image,data\Week4_damage_dataset_v1\images\spots_35\spot_030.jpg,no_damage,negative,no_damage,ambiguous,0.519549,true,visual_review_required,executed,clip
DDV1-056,S031,S031-ORIGINAL,false_stain_claim_on_clean_appearing_image,data\Week4_damage_dataset_v1\images\spots_35\spot_031.jpg,no_damage,negative,stain_or_spot,positive,0.755581,false,damage_type_matches,executed,clip
DDV1-057,S032,S032-ORIGINAL,false_stain_claim_on_clean_appearing_image,data\Week4_damage_dataset_v1\images\spots_35\spot_032.jpg,no_damage,negative,stain_or_spot,ambiguous,0.511907,true,visual_review_required,executed,clip
DDV1-058,S033,S033-ORIGINAL,false_stain_claim_on_clean_appearing_image,data\Week4_damage_dataset_v1\images\spots_35\spot_033.jpg,no_damage,negative,stain_or_spot,ambiguous,0.681236,true,visual_review_required,executed,clip
DDV1-059,S034,S034-ORIGINAL,false_stain_claim_on_clean_appearing_image,data\Week4_damage_dataset_v1\images\spots_35\spot_034.jpg,no_damage,negative,stain_or_spot,positive,0.788204,false,damage_type_matches,executed,clip
DDV1-060,S035,S035-ORIGINAL,false_stain_claim_on_clean_appearing_image,data\Week4_damage_dataset_v1\images\spots_35\spot_035.jpg,no_damage,negative,stain_or_spot,positive,0.793946,false,damage_type_matches,executed,clip
DDV1-061,H021,H021-ORIGINAL,false_stain_claim_on_actual_hole,data\Week4_damage_dataset_v1\images\holes_35\hole_021.jpg,hole_or_tear,negative,stain_or_spot,positive,0.831725,false,damage_type_matches,executed,clip
DDV1-062,H022,H022-ORIGINAL,false_stain_claim_on_actual_hole,data\Week4_damage_dataset_v1\images\holes_35\hole_022.jpg,hole_or_tear,negative,no_damage,ambiguous,0.650162,true,visual_review_required,executed,clip
DDV1-063,H023,H023-ORIGINAL,false_stain_claim_on_actual_hole,data\Week4_damage_dataset_v1\images\holes_35\hole_023.jpg,hole_or_tear,negative,uncertain,ambiguous,0.397549,true,visual_review_required,executed,clip
DDV1-064,H024,H024-ORIGINAL,false_stain_claim_on_actual_hole,data\Week4_damage_dataset_v1\images\holes_35\hole_024.jpg,hole_or_tear,negative,stain_or_spot,ambiguous,0.501682,true,visual_review_required,executed,clip
DDV1-065,H025,H025-ORIGINAL,false_stain_claim_on_actual_hole,data\Week4_damage_dataset_v1\images\holes_35\hole_025.jpg,hole_or_tear,negative,stain_or_spot,ambiguous,0.652114,true,visual_review_required,executed,clip
DDV1-066,S011,S011-ORIGINAL,false_hole_claim_on_actual_stain,data\Week4_damage_dataset_v1\images\spots_35\spot_011.jpg,stain_or_spot,negative,stain_or_spot,ambiguous,0.605684,true,visual_review_required,executed,clip
DDV1-067,S012,S012-ORIGINAL,false_hole_claim_on_actual_stain,data\Week4_damage_dataset_v1\images\spots_35\spot_012.jpg,stain_or_spot,negative,stain_or_spot,ambiguous,0.650947,true,visual_review_required,executed,clip
DDV1-068,S013,S013-ORIGINAL,false_hole_claim_on_actual_stain,data\Week4_damage_dataset_v1\images\spots_35\spot_013.jpg,stain_or_spot,negative,stain_or_spot,negative,0.804606,false,damage_type_mismatch,executed,clip
DDV1-069,S014,S014-ORIGINAL,false_hole_claim_on_actual_stain,data\Week4_damage_dataset_v1\images\spots_35\spot_014.jpg,stain_or_spot,negative,stain_or_spot,negative,0.791292,false,damage_type_mismatch,executed,clip
DDV1-070,S015,S015-ORIGINAL,false_hole_claim_on_actual_stain,data\Week4_damage_dataset_v1\images\spots_35\spot_015.jpg,stain_or_spot,negative,stain_or_spot,ambiguous,0.645624,true,visual_review_required,executed,clip
DDV1-071,H026,H026-V-TIGHT-CROP,tight_crop,,uncertain_hole_or_tear,ambiguous,,,,,,not_materialized_variant,clip
DDV1-072,H027,H027-V-MILD-BLUR,mild_blur,,uncertain_hole_or_tear,ambiguous,,,,,,not_materialized_variant,clip
DDV1-073,H028,H028-V-PARTIAL-OCCLUSION,partial_occlusion,,uncertain_hole_or_tear,ambiguous,,,,,,not_materialized_variant,clip
DDV1-074,H029,H029-V-REDUCED-CONTRAST,reduced_contrast,,uncertain_hole_or_tear,ambiguous,,,,,,not_materialized_variant,clip
DDV1-075,H030,H030-V-INCOMPLETE-VIEW,incomplete_view,,uncertain_hole_or_tear,ambiguous,,,,,,not_materialized_variant,clip
DDV1-076,H031,H031-V-TIGHT-CROP,tight_crop,,uncertain_hole_or_tear,ambiguous,,,,,,not_materialized_variant,clip
DDV1-077,H032,H032-V-MILD-BLUR,mild_blur,,uncertain_hole_or_tear,ambiguous,,,,,,not_materialized_variant,clip
DDV1-078,H033,H033-V-PARTIAL-OCCLUSION,partial_occlusion,,uncertain_hole_or_tear,ambiguous,,,,,,not_materialized_variant,clip
DDV1-079,H034,H034-V-REDUCED-CONTRAST,reduced_contrast,,uncertain_hole_or_tear,ambiguous,,,,,,not_materialized_variant,clip
DDV1-080,H035,H035-V-INCOMPLETE-VIEW,incomplete_view,,uncertain_hole_or_tear,ambiguous,,,,,,not_materialized_variant,clip
DDV1-081,H001,H001-V-TIGHT-CROP,tight_crop,,uncertain_hole_or_tear,ambiguous,,,,,,not_materialized_variant,clip
DDV1-082,H002,H002-V-MILD-BLUR,mild_blur,,uncertain_hole_or_tear,ambiguous,,,,,,not_materialized_variant,clip
DDV1-083,H003,H003-V-PARTIAL-OCCLUSION,partial_occlusion,,uncertain_hole_or_tear,ambiguous,,,,,,not_materialized_variant,clip
DDV1-084,H004,H004-V-REDUCED-CONTRAST,reduced_contrast,,uncertain_hole_or_tear,ambiguous,,,,,,not_materialized_variant,clip
DDV1-085,H005,H005-V-INCOMPLETE-VIEW,incomplete_view,,uncertain_hole_or_tear,ambiguous,,,,,,not_materialized_variant,clip
DDV1-086,S016,S016-V-TIGHT-CROP,tight_crop,,uncertain_stain_or_spot,ambiguous,,,,,,not_materialized_variant,clip
DDV1-087,S017,S017-V-MILD-BLUR,mild_blur,,uncertain_stain_or_spot,ambiguous,,,,,,not_materialized_variant,clip
DDV1-088,S018,S018-V-PARTIAL-OCCLUSION,partial_occlusion,,uncertain_stain_or_spot,ambiguous,,,,,,not_materialized_variant,clip
DDV1-089,S019,S019-V-REDUCED-CONTRAST,reduced_contrast,,uncertain_stain_or_spot,ambiguous,,,,,,not_materialized_variant,clip
DDV1-090,S020,S020-V-INCOMPLETE-VIEW,incomplete_view,,uncertain_stain_or_spot,ambiguous,,,,,,not_materialized_variant,clip
DDV1-091,S021,S021-V-TIGHT-CROP,tight_crop,,uncertain_stain_or_spot,ambiguous,,,,,,not_materialized_variant,clip
DDV1-092,S022,S022-V-MILD-BLUR,mild_blur,,uncertain_stain_or_spot,ambiguous,,,,,,not_materialized_variant,clip
DDV1-093,S023,S023-V-PARTIAL-OCCLUSION,partial_occlusion,,uncertain_stain_or_spot,ambiguous,,,,,,not_materialized_variant,clip
DDV1-094,S024,S024-V-REDUCED-CONTRAST,reduced_contrast,,uncertain_stain_or_spot,ambiguous,,,,,,not_materialized_variant,clip
DDV1-095,S025,S025-V-INCOMPLETE-VIEW,incomplete_view,,uncertain_stain_or_spot,ambiguous,,,,,,not_materialized_variant,clip
DDV1-096,S026,S026-V-TIGHT-CROP,tight_crop,,uncertain_stain_or_spot,ambiguous,,,,,,not_materialized_variant,clip
DDV1-097,S027,S027-V-MILD-BLUR,mild_blur,,uncertain_stain_or_spot,ambiguous,,,,,,not_materialized_variant,clip
DDV1-098,S028,S028-V-PARTIAL-OCCLUSION,partial_occlusion,,uncertain_stain_or_spot,ambiguous,,,,,,not_materialized_variant,clip
DDV1-099,S029,S029-V-REDUCED-CONTRAST,reduced_contrast,,uncertain_stain_or_spot,ambiguous,,,,,,not_materialized_variant,clip
DDV1-100,S030,S030-V-INCOMPLETE-VIEW,incomplete_view,,uncertain_stain_or_spot,ambiguous,,,,,,not_materialized_variant,clip
