case_id,image_quality,damage_confidence,claim_image_consistency,image_order_consistency,policy_match_score,evidence_completeness,image_usable,relevant_region_visible,damage_detected,damage_evidence_quality,damage_needs_human_review,order_valid,policy_eligible,evidence_reliable
M4_W6_001,0.6016093949457162,0.2756013059891555,0.8427176311721438,0.8028167767686246,0.8310898347038805,0.8884500629027129,1,0,1,1.0,0,1,1,0
M4_W6_002,0.7042315311677012,0.7688463211479625,0.5518170377655823,0.9092519142247916,0.5211974584715529,0.586692165843911,1,1,1,1.0,0,1,1,1
M4_W6_003,0.762250997492075,0.6441457323783469,0.7694683226452588,0.7453744866597417,0.8929251556812698,0.7900829744435625,1,0,1,1.0,1,1,1,0
M4_W6_004,0.6792524010898214,0.9476589148747543,0.5311078189195308,0.48049377216614764,0.6007459667016948,0.7336151642738199,1,0,1,0.5,0,1,1,0
M4_W6_005,0.7960961116533289,0.5809733539335321,0.878688049903199,0.8423780072872967,0.7409870129550029,0.815853458288544,1,1,1,1.0,0,1,1,1
M4_W6_006,0.8479869049310883,0.6405414679793491,0.2546881993132584,0.7514801048008569,0.648256408309909,0.8334263465762044,1,1,1,1.0,0,1,1,0
M4_W6_007,0.679292794180354,0.6867752155287706,0.6933642876844396,0.4883849572605332,0.6769980578984642,0.4029825326372428,1,1,1,1.0,0,1,0,0
M4_W6_008,0.5163618054631012,0.5825039607030469,0.9012515986183874,0.7921095515147263,0.635537342509469,0.4622259026117469,1,0,1,1.0,0,1,1,0
M4_W6_009,0.8094555471480048,0.6534825549029478,0.52816259891456,0.9147631216257864,0.7179145733938659,0.7331115788786328,1,1,1,1.0,0,1,1,1
M4_W6_010,0.9032446695919747,0.5778004402151844,0.9042227993261901,0.8018059922347178,0.8218425971802148,0.558662562356104,1,1,1,0.5,1,1,1,0
M4_W6_011,0.5817644469397496,0.8805074685262281,0.7148018657063147,0.5625937331525777,0.8882854437037827,0.9210617474705921,1,0,1,1.0,0,1,1,0
M4_W6_012,0.674280179757369,0.7041727484418131,0.7312430216310918,0.8863993939942079,0.83743684014174,0.8590408477509331,1,1,1,1.0,0,0,1,0
M4_W6_013,0.9130706855528594,0.5305701159459406,0.8602158380571752,0.4035087373328787,0.7152920150913158,0.3931984630500808,1,0,1,1.0,0,0,1,0
M4_W6_014,0.6798853015258102,0.5928127960102938,0.29150518823575666,0.9125987565898831,0.49720483863250364,0.7670622946809729,1,1,0,1.0,0,1,1,0
M4_W6_015,0.8816936144217571,0.4297153756251524,0.7346478257083753,0.9143239187392584,0.6982855134151134,0.41690474902840335,0,1,1,1.0,0,1,1,0
M4_W6_016,0.5906111959497957,0.48244303865024685,0.6436648612660775,0.8896169804794413,0.4472132951801054,0.9472035599668209,1,1,1,1.0,0,1,1,0
M4_W6_017,0.5000677236884401,0.6664961513585236,0.8350460072178393,0.32190754492355683,0.7716701526272916,0.6151328440736097,1,1,1,1.0,0,1,1,0
M4_W6_018,0.7001848037128224,0.6544285815716,0.4358541056004246,0.8468722429571367,0.5323365542563846,0.8362276465294386,1,1,1,0.5,0,1,1,1
M4_W6_019,0.7707581410626155,0.49632542273585495,0.573044425944411,0.46362811922762875,0.7187202285714505,0.9170471708204008,1,1,1,1.0,0,1,1,1
M4_W6_020,0.6822446227070237,0.8645487055362308,0.6318455332796821,0.84736748985442,0.5971794340239927,0.7621669587353482,1,1,1,1.0,0,1,1,1
M4_W6_021,0.845590408410752,0.7378769106240962,0.49728244230593105,0.5986688999118255,0.8403480083238766,0.8679051750029599,0,1,1,1.0,0,1,1,0
M4_W6_022,0.5453003556898873,0.6467644927934032,0.6499715446540196,0.7805108971736369,0.9213548723356365,0.9665288156185813,1,1,1,0.0,0,1,0,0
M4_W6_023,0.8122162951760633,0.6497692669013385,0.6550532984503358,0.9074259914374524,0.7531502888037361,0.8992202329766195,1,1,1,1.0,0,1,1,1
M4_W6_024,0.730794556844803,0.5485858833691902,0.7377462523609447,0.540750350946458,0.5967067830347729,0.8886849861316269,1,1,1,0.5,0,1,1,0
M4_W6_025,0.7855853741679911,0.8419291793047842,0.6330749822469331,0.7593452753035751,0.8790261282915083,0.8604922571076751,1,1,1,1.0,0,1,1,1
M4_W6_026,0.8059458005170048,0.9634197191645995,0.5208213284376815,0.7892058171311689,0.7871657484327114,0.6724758169088222,1,1,0,0.0,0,1,1,0
M4_W6_027,0.41509197829919803,0.8103117232048619,0.5637017196680082,0.8103734140658675,0.6004303852867531,0.8943288456849714,1,1,1,1.0,0,1,1,1
M4_W6_028,0.8185821679723859,0.9663924954666776,0.467523463066748,0.5945044420401084,0.7358481495008384,0.8977543270994148,1,1,1,1.0,0,1,0,0
M4_W6_029,0.6572058891175784,0.6530049914108138,0.5176416145909934,0.4721105198479608,0.6193076080701835,0.8565663079016431,1,1,1,1.0,0,1,1,0
M4_W6_030,0.9203390704712295,0.8545737476472454,0.7076301170556879,0.6742822310314791,0.7909456674844421,0.697067040908458,1,1,1,1.0,0,1,1,1
M4_W6_031,0.5782093764209004,0.2214349513252873,0.6628006150948561,0.37359639627839275,0.6401850384886482,0.7176894366324181,1,0,1,1.0,0,1,1,0
M4_W6_032,0.8819308645069135,0.7824212907631493,0.6898928204325059,0.7622276438823606,0.5275859513863689,0.8246055067464697,1,1,1,1.0,0,1,1,0
M4_W6_033,0.5304808586513644,0.6967708587522973,0.935178012067964,0.8864309299095412,0.7941821214480594,0.612906680228435,1,1,0,1.0,0,1,0,0
M4_W6_034,0.41767078753235054,0.32856692758138656,0.6482332630409269,0.656556229800374,0.9215478575028674,0.5494094382257891,1,1,1,1.0,0,1,0,0
M4_W6_035,0.7987405493223968,0.6462875186848323,0.6295027340488824,0.8035445047861404,0.8435361056348105,0.9097662898154242,1,0,0,1.0,0,0,1,0
M4_W6_036,0.5259015184997567,0.937949320717161,0.4894002683249548,0.5092087625436433,0.7332573424128174,0.8503425375865915,1,1,1,1.0,0,1,1,0
M4_W6_037,0.4307145132984276,0.5300051878383729,0.9807025139110869,0.5621463200026778,0.8124345843718176,0.2884793008930949,1,1,1,0.0,0,1,1,0
M4_W6_038,0.9170914803473108,0.8512263028321214,0.9088654170060477,0.557165819050632,0.8429697222694101,0.910120768156541,1,0,0,1.0,1,0,1,0
M4_W6_039,0.6594822591336271,0.5065358318469266,0.6448883200664242,0.6521299588902267,0.6656121955891213,0.7226203897016836,1,0,0,1.0,0,1,1,0
M4_W6_040,0.7982658179516947,0.8497368032935829,0.7327838287978481,0.6259083505683619,0.6837899955076356,0.8614678421426577,1,1,1,0.5,0,1,0,0
M4_W6_041,0.7587977908695785,0.7872492665202593,0.7589942871554811,0.7403850832007445,0.8108509405629395,0.6820100266003434,0,1,0,1.0,0,1,1,0
M4_W6_042,0.7962739297138829,0.5304381283571205,0.4757936440390752,0.7335703465832325,0.8836341503244617,0.7884711691915935,1,1,0,1.0,0,1,1,0
M4_W6_043,0.6900398332574699,0.9032660429284121,0.8763268772985978,0.8609347690021674,0.9474447487927062,0.7819558663509971,1,1,1,1.0,0,1,1,1
M4_W6_044,0.27045448156278684,0.4331132804475779,0.4299424542086805,0.5820885846717042,0.45844814247544635,0.7087543575488587,1,1,1,1.0,0,1,1,0
M4_W6_045,0.46358950844729835,0.6858404139177057,0.6830957333668503,0.9543185881990606,0.5918195950273941,0.7987063864292889,0,1,1,1.0,0,1,1,0
M4_W6_046,0.5623763298019676,0.8015149086365126,0.694147615947991,0.49717472695948955,0.6061268436872866,0.5587748940866514,1,1,1,1.0,0,1,1,0
M4_W6_047,0.8993545774619225,0.3561394851774806,0.4800068407515758,0.9120081500127537,0.8685136515182419,0.5974721806697931,1,1,1,0.5,0,1,1,0
M4_W6_048,0.8685518568098796,0.2924081655738309,0.4951794295812528,0.6086303179103326,0.8609311637423267,0.7804342161531418,1,1,1,1.0,0,1,0,0
M4_W6_049,0.4219490645173333,0.7363030204256112,0.8676565220592223,0.695948055458681,0.721723217168093,0.6464057632294649,1,1,1,1.0,1,1,1,0
M4_W6_050,0.6306651089206141,0.6748714060008504,0.8078801810756079,0.817972593617363,0.811624433730779,0.7967624515527678,1,1,0,1.0,0,1,1,0
M4_W6_051,0.9567411124554026,0.5555627891765349,0.9284838791610971,0.9428864401417423,0.7946057655922976,0.9287365340320012,0,0,0,1.0,0,0,1,0
M4_W6_052,0.747180156961481,0.6380591889298602,0.3198224219385001,0.5187974310163972,0.8402379757879092,0.48711738964745743,1,1,1,0.5,0,1,1,0
M4_W6_053,0.7700565056177794,0.38485737469840026,0.5147796172783984,0.5727677047695375,0.8337281041695094,0.8649999601158139,1,1,1,1.0,0,1,1,0
M4_W6_054,0.7855831938532009,0.4724214126231884,0.7011489022144144,0.7778135666035892,0.902801657190414,0.7399618976192198,1,1,1,1.0,0,1,0,0
M4_W6_055,0.7648070362341455,0.5263636219170151,0.7343887958910411,0.6608098863694639,0.8458249420912584,0.7862946240076691,1,1,1,1.0,0,1,1,1
M4_W6_056,0.6307568631650757,0.6516511764160411,0.8713673251171475,0.6542487909386967,0.8258355356171244,0.9090896387320959,1,0,1,0.5,1,1,1,0
M4_W6_057,0.33916970968300814,0.8441525469175261,0.6422500710454462,0.3591948621897462,0.7900871768217821,0.7489480385343916,1,1,1,1.0,0,1,1,0
M4_W6_058,0.8493930097084063,0.6255526095870357,0.35351126935770777,0.9197245287248803,0.7225392690219231,0.8775271444166004,1,1,0,0.5,0,1,1,0
M4_W6_059,0.8284372464348215,0.7391288695163365,0.5170130023550958,0.8426508538969734,0.7779319138695978,0.8957467562058734,1,1,1,1.0,0,1,0,0
M4_W6_060,0.5856810372336686,0.566685570768406,0.7328000261038006,0.924739308303012,0.8178368896106597,0.7183008177401511,1,1,1,1.0,0,1,1,1
M4_W6_061,0.926589548744827,0.8931180362088409,0.19844073322180839,0.9249528137970002,0.892573388181954,0.7572540141547389,1,1,1,1.0,0,1,1,0
M4_W6_062,0.16498024812974824,0.41725861117457386,0.7842995389058679,0.6725891318745892,0.824770783314001,0.5603932465341608,1,1,0,1.0,0,1,0,0
M4_W6_063,0.17856060526657258,0.6051092892002794,0.6431901516476112,0.8136608692841272,0.5638148742704278,0.5389745963461173,1,1,1,1.0,1,1,1,0
M4_W6_064,0.3734557182598697,0.4225213135247538,0.41342784129737076,0.6994545733497078,0.5059667398832308,0.6261539953352828,0,1,1,1.0,0,0,1,0
M4_W6_065,0.5837966331218931,0.7187498940722866,0.6199332399798044,0.7976505392508149,0.7146137971248371,0.789731054682919,1,0,1,1.0,0,1,1,0
M4_W6_066,0.7126212032092262,0.7615545652470344,0.28928498436305583,0.9632545789645186,0.8852495744546839,0.5061133841537043,1,1,1,1.0,0,0,1,0
M4_W6_067,0.6370646094007301,0.7203613663508778,0.9184007370074503,0.7491252585078498,0.874600839257216,0.8198305507308727,1,1,1,1.0,0,1,1,1
M4_W6_068,0.6958588690000085,0.8300355796486012,0.8512435638835425,0.7257679629987296,0.7015253662971577,0.9046572384643924,1,1,1,1.0,1,1,0,0
M4_W6_069,0.6135125598747124,0.18082852122334592,0.6565563178463094,0.6507022005724311,0.6281209385296638,0.703638262898455,1,1,1,1.0,0,1,1,0
M4_W6_070,0.8977941406824894,0.24083313602542092,0.7465209039209919,0.6128472980251823,0.6007136029990199,0.5970175995075558,1,0,1,1.0,0,0,1,0
M4_W6_071,0.529307285076813,0.6550168499850905,0.5754503194436645,0.9013673196588452,0.8870546769992369,0.805760686453478,0,1,1,1.0,0,1,0,0
M4_W6_072,0.5951359647532544,0.6218534669832423,0.683230117191641,0.512706755796977,0.7354760136021501,0.7493638101784461,1,1,1,0.5,0,1,1,0
M4_W6_073,0.4866088338174302,0.9420871450458235,0.702642567028448,0.49099750045225354,0.8256364435934341,0.8407081162266516,1,1,1,1.0,0,1,1,1
M4_W6_074,0.6971321925167073,0.5340410371294784,0.7272695878949499,0.9114577922804844,0.7784618745615237,0.8813580527799444,1,1,1,1.0,0,1,1,1
M4_W6_075,0.8404974548254587,0.3621131610826369,0.5736395257790421,0.4695394186791531,0.5571178178653613,0.8745955557433299,1,1,1,1.0,0,1,1,0
M4_W6_076,0.9400434780326835,0.8567690948994346,0.8281422952793552,0.6049016630592268,0.8015686270162358,0.6786136912426932,1,1,0,0.0,1,1,1,0
M4_W6_077,0.7257432985626368,0.6329214370325337,0.6551841635415089,0.7419288809500231,0.709122019581595,0.6203478293805574,0,1,0,1.0,0,1,1,0
M4_W6_078,0.7363733063811432,0.5839318340249242,0.8051918828416155,0.4929347413111671,0.26696815874921764,0.6768321580608102,1,1,1,1.0,0,1,1,0
M4_W6_079,0.5700251314438303,0.3097805532835338,0.8076591809161574,0.8792788160298387,0.6008806279594145,0.5083307016483435,1,1,1,1.0,0,1,1,0
M4_W6_080,0.7315632049749191,0.9191390611694525,0.9244230357245116,0.7979278191268695,0.584770112455139,0.8544448899451499,1,1,1,1.0,0,1,1,1
M4_W6_081,0.535038897189995,0.42169049571437967,0.654154370444406,0.6066136337063691,0.8449017154777548,0.5002257702534955,1,0,0,0.5,0,1,1,0
M4_W6_082,0.7535169445509017,0.4268807577298028,0.5925830591645456,0.8786476364308652,0.5389840692255751,0.8186792513963145,1,1,1,1.0,0,1,1,0
M4_W6_083,0.6544029584097936,0.93069226655454,0.745410566699179,0.8154324003141359,0.8858559825163782,0.7727085851918161,1,1,1,1.0,0,1,1,1
M4_W6_084,0.7657150464844873,0.5658678147181772,0.7151863769812183,0.8459339805949124,0.5657303259839918,0.6350779291797527,1,1,1,1.0,0,1,1,1
M4_W6_085,0.8823179955098265,0.7748246135122712,0.8988016476069991,0.793349263587654,0.710147672129987,0.9627377873759271,1,1,0,0.0,0,1,1,0
M4_W6_086,0.4606065731999875,0.27331260349889425,0.4166243199752056,0.28884311426101683,0.8837217766142249,0.8446547937849661,1,1,1,0.5,0,1,1,0
M4_W6_087,0.7034277949104597,0.8128720689324967,0.8030871502916545,0.49458224130327033,0.7979894159214257,0.7884637105946606,1,0,1,0.5,0,1,1,0
M4_W6_088,0.6390369291296601,0.7882921575466203,0.6381997740521228,0.6406260286307613,0.7548534633477036,0.8118045296210635,1,1,1,0.5,0,1,1,0
M4_W6_089,0.7071117132212691,0.7326195502375492,0.29592338390231737,0.7757568231206492,0.7639915348053917,0.7168662794532047,1,0,1,0.5,0,0,1,0
M4_W6_090,0.73316317748065,0.5765236726249662,0.6864686368341761,0.4896424994487382,0.6598536981160461,0.7253203769818204,1,1,1,1.0,0,1,1,1
M4_W6_091,0.7394143239699712,0.5450577609814409,0.7060740653058434,0.9299325053261798,0.7751160325605838,0.39986838147754805,1,1,1,1.0,0,1,1,0
M4_W6_092,0.8743584780098335,0.3855580976021839,0.6511500999998648,0.7213082489886466,0.7500137602144962,0.8408129668472595,0,1,0,1.0,0,1,1,0
M4_W6_093,0.8995911272182647,0.7314521319093548,0.2169626407272843,0.38776839191466805,0.40437605512068886,0.5401158271005975,1,0,1,1.0,0,1,0,0
M4_W6_094,0.5780699100693925,0.8179195858910868,0.37533273626488106,0.9751022771689898,0.6767767054236471,0.9025056241026086,1,1,1,1.0,0,1,1,1
M4_W6_095,0.4469079937682099,0.7083182707700476,0.7940525041571141,0.6791392389016082,0.8161518986990476,0.6799011754959015,1,0,1,1.0,0,1,0,0
M4_W6_096,0.469806946274506,0.8397461135825202,0.7487727298046232,0.7370254016772486,0.7488007915799035,0.6698889678361828,1,1,1,1.0,0,1,1,0
M4_W6_097,0.9292714464743429,0.5970047962155566,0.9128024551336532,0.8778335602329631,0.7929004436456905,0.8040159486517424,1,1,1,1.0,0,1,1,1
M4_W6_098,0.49032824871087655,0.7423566696586372,0.6183336156186579,0.699608919460539,0.6444195110127369,0.7364565314604707,1,1,1,1.0,0,1,1,0
M4_W6_099,0.6178519701549388,0.9115305250326988,0.5543332948222811,0.9252340532966598,0.6207432644519169,0.7123971756221781,1,1,0,1.0,0,1,1,0
M4_W6_100,0.6653672612342604,0.5383117952230444,0.8066985765152462,0.7894577589578403,0.7206372541676922,0.5447397732575335,1,1,1,1.0,0,1,0,0
M4_W6_101,0.5614803225852453,0.4242027826846238,0.607059726888504,0.6478853953934355,0.7592837303473189,0.6750436566918869,1,1,1,1.0,0,1,1,0
M4_W6_102,0.6875676320703135,0.8327159024628027,0.8590118030360532,0.8576122825969565,0.8309944555512668,0.7281401428064281,1,1,1,1.0,0,1,0,0
M4_W6_103,0.9180293065339594,0.8070993070623045,0.7643773141022998,0.847259930846048,0.7671790190853346,0.7248642606130453,0,1,1,1.0,0,1,1,0
M4_W6_104,0.2131548545113063,0.8470873093094936,0.5081729659343437,0.4679933680066791,0.8522009733637778,0.8423943161687948,1,1,1,1.0,0,1,1,0
M4_W6_105,0.5014311565681009,0.898984205297993,0.45224508225481674,0.9689077462740228,0.5653146896254628,0.6118683781603157,1,1,1,1.0,0,0,1,0
M4_W6_106,0.6068263882988798,0.3484567987960421,0.81057266996557,0.7150414164219308,0.5691538401729362,0.6644026600082803,1,1,1,1.0,0,1,1,0
M4_W6_107,0.7918360847904574,0.6991753997045844,0.2964380917160367,0.7597195560964465,0.7213871135542061,0.3947107471925127,1,1,1,1.0,0,1,1,0
M4_W6_108,0.4302055943977039,0.6138638676818375,0.25252190597896235,0.252654752934871,0.6174096300658389,0.6029296201340146,1,1,0,0.5,0,1,0,0
M4_W6_109,0.7112392689374928,0.6145308957800487,0.8665533159991498,0.6609579782627434,0.8348529049536205,0.4043645264327894,1,1,1,0.5,1,1,1,0
M4_W6_110,0.5186498103389842,0.7774340153377786,0.6309017654288134,0.8233678009625697,0.5150648984639269,0.675737232560668,1,1,0,1.0,0,1,0,0
M4_W6_111,0.7409591202172239,0.8874620435457062,0.6007716491972052,0.7826241034143673,0.7109557160683467,0.9149152990407209,1,1,0,1.0,0,1,0,0
M4_W6_112,0.6034726390187929,0.16956681024210357,0.4401306914307314,0.6635840591214914,0.8496933263778447,0.8859251746754956,1,1,1,1.0,0,1,1,0
M4_W6_113,0.46847537525597444,0.7728990298301327,0.6210792254050083,0.47190598737762846,0.8730814544361984,0.8835357535774426,1,1,1,1.0,0,1,1,1
M4_W6_114,0.8059314212820011,0.8652154570278843,0.925776567676567,0.7344393910092853,0.8703888430186848,0.6766491759617503,1,1,1,1.0,0,1,1,1
M4_W6_115,0.8337395971684923,0.7644317376413955,0.5115557632583281,0.46686193793571107,0.5693654038699659,0.7329364653963307,0,1,0,0.5,0,1,1,0
M4_W6_116,0.741949964749366,0.7045067474562313,0.9579134769149441,0.8939167209531954,0.6703093776092695,0.9116902323413605,1,1,1,0.5,0,1,0,0
M4_W6_117,0.9264317011271761,0.9398160944238005,0.7746996104876581,0.4281493320776093,0.6055223279637696,0.6848514578067129,1,1,1,1.0,0,1,0,0
M4_W6_118,0.5928354114271616,0.6994418327695947,0.6043427780466774,0.8733894763786436,0.6688727153226883,0.7615435388022795,1,1,1,1.0,0,1,0,0
M4_W6_119,0.7424542032261262,0.28434448264245366,0.5851970613648919,0.6485736169426629,0.7736798808905164,0.6215904358243642,1,1,1,0.5,0,1,1,0
M4_W6_120,0.5476622562721365,0.3573486042969468,0.5266141729873921,0.9106136501070994,0.8841089388639267,0.8281950453900099,1,1,1,1.0,0,1,1,1
M4_W6_121,0.784699733148688,0.7807883729479765,0.8804174599133041,0.5761495208352674,0.8535604664348445,0.6174188964804765,1,0,1,0.5,0,1,1,0
M4_W6_122,0.6969224103264269,0.6874461228311907,0.6167810403286128,0.47824682447726896,0.8984437306930285,0.8448710314642564,1,1,1,1.0,0,1,0,0
M4_W6_123,0.8073404398551438,0.5570036644735754,0.7011142647776507,0.7295663418628456,0.8557756983683211,0.6663607817806247,1,1,1,1.0,1,1,1,0
M4_W6_124,0.4667178892280325,0.822114294617555,0.6307345463903329,0.8472372662860728,0.7539134145609954,0.8903638124487423,0,1,1,0.5,0,0,1,0
M4_W6_125,0.8231669067020657,0.42861856880307614,0.787298059908718,0.8770754648020885,0.8232479329398287,0.558157090887835,1,1,1,0.0,1,1,1,0
M4_W6_126,0.927147299152754,0.5128794613398601,0.742072399315818,0.6145694944870816,0.6460124763327686,0.4646645831007935,1,1,1,1.0,0,1,1,0
M4_W6_127,0.19891011429766756,0.7054096603175445,0.4938167806238271,0.5482487962617919,0.9511648897597628,0.6845598665968883,1,1,1,1.0,0,1,1,0
M4_W6_128,0.25551592410434704,0.6590067361315661,0.6072074283051361,0.5443094727005707,0.7662767516783021,0.8474614526674253,1,1,0,1.0,0,1,1,0
M4_W6_129,0.8837780246495137,0.8542408070116991,0.5773376479967436,0.617855433153948,0.855341213698265,0.616587600756317,1,1,1,1.0,0,1,0,0
M4_W6_130,0.5701721301345012,0.35918422737075606,0.7142842591030097,0.3712254020476464,0.9088595356152274,0.7472483678521323,1,1,1,0.5,0,1,1,0
M4_W6_131,0.6208504570095884,0.7163227991774702,0.8083578188185508,0.6666932380137824,0.8812716310793653,0.5891907226372376,1,1,1,1.0,0,1,1,1
M4_W6_132,0.34176348181246424,0.7819727605360122,0.38677131831171824,0.8118480796751869,0.533361364091008,0.8334986341315215,1,1,1,1.0,0,1,1,0
M4_W6_133,0.6195140674014923,0.6633382786525606,0.7655032153876791,0.7265892822622823,0.695560834957658,0.8858972709325007,1,1,1,1.0,0,1,1,1
M4_W6_134,0.7711048934939062,0.29939140602416986,0.8021646924257124,0.7191711868142122,0.7479057238930163,0.7145841487210922,0,1,1,1.0,0,1,1,0
M4_W6_135,0.8907563596819121,0.7727277528692554,0.588361940103687,0.7368642957086314,0.46651335019781176,0.495792109057135,1,1,1,0.5,0,1,1,1
M4_W6_136,0.9671229177350515,0.6550847547655693,0.47572378289192024,0.7591739731404352,0.6254342665196829,0.7239073555489581,1,1,0,1.0,0,1,1,0
M4_W6_137,0.39171230359315873,0.5352341447512874,0.6528229364378965,0.5139606169404428,0.8325489784541663,0.8622564162982661,0,1,0,1.0,1,1,1,0
M4_W6_138,0.622361041160233,0.616249965019169,0.7948381298546423,0.7139717949823827,0.8155322985240572,0.5783069820789096,1,1,1,0.5,0,1,1,0
M4_W6_139,0.7010399290752706,0.40950321092057984,0.729778287001688,0.8102533364362232,0.46270953883136096,0.8190071525485418,1,1,1,1.0,0,1,1,0
M4_W6_140,0.732555698780655,0.848568161498788,0.6438515248241156,0.7031339555189762,0.665401973121093,0.8712074973788344,1,1,1,1.0,0,0,1,0
M4_W6_141,0.8219255433990404,0.6339382799844046,0.559856063080229,0.40841229356825387,0.8600928156084687,0.2675180126829983,1,1,1,1.0,0,1,1,0
M4_W6_142,0.6370627989669239,0.6473240432120724,0.8918476688589686,0.6535641635076972,0.5069063377118919,0.7179313563790721,1,1,0,1.0,0,0,1,0
M4_W6_143,0.5468848288007817,0.44463963286591035,0.6162651057305918,0.8449597845475899,0.6863115801263973,0.6329201934525721,1,0,1,1.0,0,1,1,0
M4_W6_144,0.5760555818858234,0.8026635669976618,0.6261564363638581,0.8421783912402604,0.8586839462988255,0.8795276978420283,1,1,1,1.0,1,1,1,0
M4_W6_145,0.4306137603081401,0.3704174517263616,0.8800491803562657,0.8833198949540795,0.7365194239231617,0.7644605639555331,1,1,0,1.0,0,1,1,0
M4_W6_146,0.49920271890341333,0.8850004964070447,0.5350735738351614,0.6041243234760368,0.7306029722635868,0.7163600011432198,1,1,1,1.0,0,1,1,1
M4_W6_147,0.7089421511107462,0.7350688969111386,0.5543702290751492,0.7539022368897575,0.8300665008510176,0.8422396600873262,1,1,1,1.0,0,1,1,1
M4_W6_148,0.9026004252224643,0.7547289599659426,0.5361562862104753,0.6957565806253078,0.9230853019827746,0.8587022933838614,1,1,1,1.0,0,1,1,1
M4_W6_149,0.8856107320392057,0.5242538863385182,0.23791618212685156,0.6981946496078931,0.7913469712898994,0.9103316404144636,1,1,1,1.0,0,1,1,0
M4_W6_150,0.8767920688158253,0.5252012752441614,0.7752173027368184,0.9573446422163454,0.6097619472321368,0.764640687221053,1,0,0,1.0,0,1,1,0
M4_W6_151,0.6140910053295128,0.5773110656707144,0.7320668615951637,0.8943408052697773,0.6445072608654553,0.5849842720864604,1,1,0,1.0,0,1,1,0
M4_W6_152,0.6311755330411354,0.5718171741761882,0.43533748432948666,0.9379898931014274,0.5323153205960612,0.8749492219603887,1,0,1,1.0,0,1,1,0
M4_W6_153,0.8730592089295521,0.5884854421416635,0.7860573354886918,0.48279641961923037,0.6308918902763806,0.7108439512918903,1,1,1,1.0,0,1,1,1
M4_W6_154,0.946672985277805,0.86235244590588,0.5033894524623037,0.4669829447876228,0.9010571277272497,0.8528023872112692,1,1,1,1.0,0,1,1,1
M4_W6_155,0.8274487631690569,0.3831433884279479,0.8546005552053308,0.8187487066410658,0.8179039536155259,0.633699492422587,1,1,1,1.0,1,0,1,0
M4_W6_156,0.4568774845831082,0.904071401016337,0.43801255036614317,0.8290031500150234,0.5434702426880974,0.6292649538287219,1,1,1,1.0,0,1,0,0
M4_W6_157,0.6924742173985762,0.5727626058376318,0.7914578720543208,0.872953053147716,0.8768427021535833,0.5945048746375284,1,1,1,1.0,0,1,1,1
M4_W6_158,0.6413689766901323,0.365558374440939,0.4357084282710059,0.9498733773614696,0.8632351672025211,0.7932214278299102,1,1,1,1.0,0,1,1,0
M4_W6_159,0.8181852080219557,0.40031939278710893,0.712331524239126,0.7877837259661478,0.5649875343851993,0.7230636377808382,0,1,1,1.0,0,1,1,0
M4_W6_160,0.8654867478978224,0.46621265503304854,0.6864872809057769,0.6232069147498479,0.6407724476982608,0.8103008165786547,1,1,1,0.5,0,1,1,0
M4_W6_161,0.6840851974854052,0.42785732827765754,0.47804621260291785,0.6248892131082463,0.5829146333237946,0.8333980305163339,1,1,0,1.0,0,1,1,0
M4_W6_162,0.926856646927941,0.7384956203518039,0.6113445234307469,0.9579557577760611,0.9760469324032611,0.6637804984865322,1,1,1,1.0,0,0,1,0
M4_W6_163,0.8785089301068517,0.984656529947037,0.763164689192038,0.8500892982452173,0.6749237895658099,0.6477252162978384,1,1,1,1.0,0,1,1,1
M4_W6_164,0.9077693728268065,0.6250212259792151,0.6822766840587863,0.9146465934475857,0.7100256215987678,0.7279591785596141,1,1,1,1.0,0,1,0,0
M4_W6_165,0.42625363279014084,0.686574462545826,0.7691514181299485,0.39390870504281894,0.7158250086441574,0.8413190644683237,1,1,1,1.0,0,1,0,0
M4_W6_166,0.7557733905795438,0.7319515947427222,0.5898617399527609,0.9037975961251125,0.8032826053046815,0.9311764435389877,0,1,1,1.0,0,1,1,0
M4_W6_167,0.37268095209668395,0.6200725943521127,0.6747275309445419,0.49317366000042345,0.5000732219052262,0.5438233555401777,1,0,1,1.0,0,1,0,0
M4_W6_168,0.6312529051675545,0.650172539813851,0.6490187689325018,0.8079020481843298,0.6150175152642173,0.9598020732904327,1,1,1,0.5,0,0,0,0
M4_W6_169,0.9141252620427079,0.6276340425905321,0.7606859186590025,0.7387845117059558,0.8143176170844478,0.8446641972165552,1,1,1,1.0,0,0,1,0
M4_W6_170,0.48717175144174935,0.7169814297309637,0.8513784989047194,0.4931198607914971,0.6798234416059864,0.5947152957305579,1,1,1,1.0,0,1,1,1
M4_W6_171,0.45119285284456745,0.6387240139635205,0.48499001651875295,0.7878915664834955,0.6417492814770162,0.6714983548291626,1,1,1,1.0,0,1,1,1
M4_W6_172,0.8239173700637668,0.9105119269211476,0.785910749714305,0.5448392342171459,0.8306021200623086,0.5742494139759374,1,1,0,1.0,0,1,1,0
M4_W6_173,0.58592249186612,0.5615829344242529,0.9426303309463487,0.6766609124365695,0.9214246985416912,0.7128455340941753,1,1,1,1.0,0,1,1,1
M4_W6_174,0.49864685094311817,0.6892181020804278,0.17158642616276865,0.5936692693880181,0.8293640559939016,0.8889666810872549,1,1,1,1.0,0,1,1,0
M4_W6_175,0.575616036786248,0.5704724912066752,0.5498911649531377,0.5558072932910879,0.6854920654458349,0.8971937565976316,0,1,1,1.0,0,1,1,0
M4_W6_176,0.8774839453192509,0.7805745628242657,0.5339435745280131,0.8562469158603241,0.788418852619827,0.45460827675054777,1,1,1,1.0,0,1,1,1
M4_W6_177,0.511252067558267,0.8123906750235108,0.5356212110493757,0.8161424382038597,0.8836002555451702,0.48870429817795985,1,1,1,1.0,0,1,1,1
M4_W6_178,0.9044873393323157,0.9851999552308064,0.9303545023712452,0.6923822834702024,0.541920909531823,0.638267931300062,0,1,1,1.0,0,1,1,0
M4_W6_179,0.8904910382057616,0.30894197082580777,0.4578413696655963,0.6337551940747914,0.6926540991644408,0.6675847085407463,1,1,1,1.0,1,1,0,0
M4_W6_180,0.6639760023510387,0.5201112877011871,0.7606571923797296,0.6208261607974511,0.7469486238852919,0.8260359174969755,1,1,1,1.0,0,1,0,0
M4_W6_181,0.5890980626110892,0.2502379748330086,0.5132743157198838,0.8837410449256542,0.8091637696874272,0.40655832444038825,1,1,1,1.0,0,1,1,0
M4_W6_182,0.5300562298534481,0.5796306360855052,0.6167496441701127,0.6504630298006188,0.9225589009211681,0.7806118557417554,1,1,1,1.0,0,1,1,1
M4_W6_183,0.9678431258536477,0.24779098075544412,0.6226180806581627,0.8232447122770614,0.6520003605823067,0.9409137723355205,1,1,1,0.0,0,1,0,0
M4_W6_184,0.5129438964892751,0.42842067221732305,0.799479996133626,0.6780486146022087,0.8563163432789725,0.9757779342479841,1,1,1,1.0,0,1,1,1
M4_W6_185,0.4492973421255058,0.7576347701406361,0.6756047687348591,0.5438372809296376,0.7234626446109415,0.8355264535036301,1,1,1,0.5,0,1,0,0
M4_W6_186,0.7014242206545043,0.4952996974455482,0.7098037826639352,0.6585184548302373,0.7680733624886308,0.49510754934808143,0,1,1,1.0,0,1,1,0
M4_W6_187,0.9423795246407145,0.5843524765445092,0.7366489594623933,0.4749935425800413,0.7704416821518802,0.6585318039565482,0,0,1,1.0,0,1,1,0
M4_W6_188,0.8991954574111077,0.2868978729849238,0.8250993322414697,0.6617948191988515,0.5546425154368609,0.6200021767284272,0,1,1,1.0,0,1,1,0
M4_W6_189,0.4245648115041934,0.8908080562792984,0.8806122260066782,0.8046345544943888,0.6537619440825434,0.748616126223038,1,0,1,1.0,0,1,1,0
M4_W6_190,0.640817063745405,0.5598642490376466,0.8140897763086616,0.8358229470240696,0.491464637658929,0.9482925981168715,1,0,1,1.0,1,1,1,0
M4_W6_191,0.28250587186094,0.5572351527924849,0.603509609753664,0.7978291846108633,0.8016014796054098,0.7610849878591185,1,1,1,1.0,1,1,1,0
M4_W6_192,0.45159601779548303,0.7370153105500323,0.776488173481406,0.4394138297041923,0.8449474210034139,0.6836245928742762,1,1,1,0.5,0,1,0,0
M4_W6_193,0.701487935814033,0.3473657281009218,0.7962987511412152,0.5907369455380947,0.6926417712287756,0.2875546874975855,1,1,1,1.0,0,1,1,0
M4_W6_194,0.7103876459284829,0.27664242131282557,0.7584545824890648,0.36268251125719,0.6704275872880243,0.881572850412587,1,0,1,1.0,0,0,1,0
M4_W6_195,0.25445952197065747,0.7711322109766636,0.5477223645257048,0.8755260295051468,0.8607440443667105,0.8024545400313058,1,1,1,1.0,0,1,1,1
M4_W6_196,0.7129061460540707,0.6566669144540694,0.8612692546170674,0.5549229220981661,0.7942954499557439,0.6951272860149491,1,1,1,0.5,0,1,1,1
M4_W6_197,0.5271203075590365,0.6897008209810901,0.6711256594140997,0.7746878676721692,0.8468648512241379,0.5719570686980543,1,1,0,1.0,0,1,1,0
M4_W6_198,0.4056013468408911,0.8443579954142977,0.8471317603330185,0.709111495313112,0.704432669383608,0.44772013303269226,1,1,1,1.0,0,1,1,1
M4_W6_199,0.6814353265158859,0.9777012904924365,0.5119040693295313,0.7495687752324108,0.8547398409898322,0.6341586964176716,1,1,1,1.0,0,1,1,1
M4_W6_200,0.6908465794756148,0.8822838189386767,0.7306149641895338,0.6737984616846091,0.7914320917680828,0.8036562832297488,0,1,1,1.0,0,1,1,0
M4_W6_201,0.9478538134199618,0.8764593101357633,0.8516496040102829,0.7808612739388852,0.6891758312467325,0.8794393517290655,1,1,1,1.0,0,1,1,1
M4_W6_202,0.6371661456943817,0.9551762929646748,0.8986580330158406,0.7615006209463665,0.6352590268039146,0.4844161613201746,1,1,1,1.0,0,1,1,1
M4_W6_203,0.5138442157044444,0.8065668569267229,0.6964554260661889,0.6209973661068112,0.757286588706077,0.8832992520538029,1,0,1,0.5,0,1,0,0
M4_W6_204,0.8174666687356191,0.8505421811453352,0.8628073165586946,0.5376412843819816,0.7019524224581953,0.7002719255099383,1,1,1,1.0,0,1,1,1
M4_W6_205,0.6851985499822194,0.6856994899244618,0.8457752069673206,0.7221631758796415,0.652762390301086,0.5078106935130539,1,1,1,1.0,0,1,1,1
M4_W6_206,0.8097680340446836,0.8230906877714819,0.9131206752330446,0.8243705905408812,0.887174311180457,0.6193735340421669,1,1,0,1.0,0,0,1,0
M4_W6_207,0.5905704710322375,0.7710231504357422,0.7027858395196775,0.6224185314611624,0.816953972307083,0.900048183772712,1,1,1,1.0,0,1,0,0
M4_W6_208,0.8314882819588969,0.4150507347509151,0.5912312702996249,0.7248784904951676,0.8492445740373552,0.6520507913240495,1,1,1,1.0,0,1,1,0
M4_W6_209,0.39877990349971015,0.5104961127500041,0.5185871562123671,0.4829879520585801,0.34145866926937574,0.2068871177754416,1,1,1,1.0,0,1,1,0
M4_W6_210,0.7449184247056987,0.525674230465453,0.640294635220051,0.7231104975234554,0.8371096590851193,0.8420938683426811,1,1,1,1.0,0,1,1,1
M4_W6_211,0.6859555090171887,0.4699049286158232,0.686776571488266,0.5841051423642948,0.7070523860603419,0.41002200100687164,0,1,1,1.0,1,1,1,0
M4_W6_212,0.3654623271823055,0.6917310075633581,0.8125713401106461,0.9525809935673702,0.8177193340699924,0.5220448405929604,0,0,1,1.0,0,1,1,0
M4_W6_213,0.6288262376295564,0.7870563828828537,0.8319480476886145,0.47329676421563943,0.4266512829886928,0.6141908247966668,1,1,1,0.5,0,1,1,0
M4_W6_214,0.2805655274595915,0.5189300732072134,0.7138325656387103,0.8614276757061741,0.6268645772536032,0.8633459362929822,1,1,1,1.0,0,1,1,0
M4_W6_215,0.6656441385761322,0.5729221213465496,0.8622174022955927,0.4875495779422322,0.7225642363399541,0.7758887567890784,1,1,1,1.0,0,1,1,0
M4_W6_216,0.7350888614352659,0.9243589912258464,0.3301150611159947,0.804105269610734,0.7288543199626352,0.8573937133569257,1,1,1,1.0,0,1,0,0
M4_W6_217,0.8625438164333774,0.5021003579202051,0.7786322372162449,0.7728517431679943,0.720350656047022,0.6662004827162966,0,0,1,1.0,0,1,1,0
M4_W6_218,0.7940841610366104,0.7268361861909929,0.8801182784697723,0.7646640136647036,0.8686370919599777,0.6316723940886227,1,1,1,1.0,0,1,1,1
M4_W6_219,0.6180487259378326,0.48272088578024624,0.3018732840226296,0.7872229296421024,0.6581505758825614,0.7771441493826103,0,1,1,1.0,1,0,1,0
M4_W6_220,0.60261071301506,0.5824876578871185,0.48995494117072846,0.4941308457410552,0.7208608886223496,0.6984365383651024,1,1,1,1.0,0,1,1,0
M4_W6_221,0.4011949086546405,0.6033895451172987,0.6775846397948773,0.7469682009589867,0.5794389367049158,0.6677349268380586,1,1,0,1.0,0,1,1,0
M4_W6_222,0.6374090856505387,0.7652642902519882,0.8510315494625944,0.38462882719484964,0.7938520686020645,0.8913544963381556,1,1,1,1.0,0,1,1,1
M4_W6_223,0.7574401840984081,0.5914215369154155,0.9717305080997727,0.5360730740088907,0.8272587216142027,0.7571456486198529,0,1,1,1.0,0,1,1,0
M4_W6_224,0.8912412298899487,0.5917135782876718,0.7440593731759034,0.60613188819698,0.7916659157909016,0.8108026416783332,1,1,1,0.0,0,1,1,0
M4_W6_225,0.6940185476035883,0.8498946670341628,0.7567659785147873,0.840024509922978,0.7893055757754369,0.7996864809964632,1,1,1,1.0,0,1,1,1
M4_W6_226,0.5157756753248595,0.6910311368045705,0.8732425920060832,0.6145529032415533,0.8275687432797757,0.9059670260826957,1,1,0,1.0,0,1,1,0
M4_W6_227,0.7505973690385006,0.5968284115367046,0.790313447298036,0.45826861092089466,0.7607538574164233,0.7442760351593075,1,1,1,1.0,0,0,1,0
M4_W6_228,0.651228961769448,0.6993579431249805,0.612990952470013,0.6223855362486198,0.8733745458925862,0.8497513380299858,1,1,1,1.0,0,1,1,1
M4_W6_229,0.8133835734605608,0.8452313161575602,0.49376102805654987,0.935958591170226,0.6159971508200053,0.8869158584224248,1,1,1,1.0,1,0,1,0
M4_W6_230,0.5948697918110657,0.6288669742984687,0.8718511571803048,0.57800794252523,0.5085604681133661,0.5377169058215615,1,1,1,1.0,0,1,0,0
M4_W6_231,0.6348593814537665,0.7412121685208793,0.9122276241093497,0.7476953025738532,0.6837866990645567,0.9359118249068938,1,0,1,1.0,0,1,1,0
M4_W6_232,0.628714605403334,0.8725490601753901,0.7066804007916345,0.945170298968284,0.9249801695688025,0.49085023900963126,1,0,1,1.0,0,1,0,0
M4_W6_233,0.6973766059183136,0.6901760859068008,0.9253860022961536,0.9813252071592844,0.5079969284709784,0.8856467278964553,1,1,0,1.0,0,1,1,0
M4_W6_234,0.6592562042078961,0.8287933008608377,0.9696050764286486,0.8673330866321202,0.9531621161426754,0.7026313152653212,1,1,1,1.0,0,1,1,1
M4_W6_235,0.7524686743461908,0.7905986739648941,0.9000571623132219,0.9560928886359303,0.6028976856235483,0.9568441940979946,0,1,0,1.0,1,1,1,0
M4_W6_236,0.3695135367081414,0.9547934383242814,0.3990518168631376,0.719830880185023,0.7184437638564916,0.7064544256980938,1,1,0,0.5,0,1,1,0
M4_W6_237,0.6315937490279203,0.49862655101723224,0.9069749024971144,0.959451006187807,0.6903105898786239,0.730378833993684,1,1,1,1.0,0,1,1,0
M4_W6_238,0.6651684200092938,0.80921095356125,0.4405548663922961,0.5942213771562447,0.8399605523635829,0.8877014004691793,1,1,1,0.0,0,1,1,0
M4_W6_239,0.9398213948442852,0.9164167769566901,0.4582348033120133,0.906561025743742,0.8164435264132529,0.7214170832744291,1,1,0,0.5,0,1,1,0
M4_W6_240,0.837199547681789,0.6607106217919836,0.849652703892729,0.5913501125889747,0.6840740760627392,0.8827487964893344,1,0,1,1.0,0,1,0,0
M4_W6_241,0.6285217410705518,0.7244959584132407,0.5643930539995212,0.9226992465650492,0.8876805200683158,0.962840626536924,1,1,1,1.0,0,1,1,1
M4_W6_242,0.9191558503281144,0.8629100607682677,0.571138694063511,0.7803253379812091,0.9342988800024928,0.9752240202550357,1,1,1,0.5,0,1,1,1
M4_W6_243,0.7260786565899723,0.6817524906070492,0.8228224340567034,0.5420691202457533,0.8314322625886318,0.8520415958680704,1,1,1,1.0,0,1,1,0
M4_W6_244,0.8120722776883668,0.568394204288214,0.3272913476179489,0.37570148245227064,0.7210423349606389,0.5015487099505362,1,0,0,1.0,0,1,1,0
M4_W6_245,0.8579656291139122,0.7308121055191259,0.8898419053480549,0.5520289663350922,0.7673312556556738,0.6918879322110647,1,1,1,1.0,0,1,0,0
M4_W6_246,0.9359807241985113,0.7753151413098622,0.8769130924535262,0.8799940114221988,0.6675169293739948,0.3113910022714212,1,0,1,1.0,0,1,1,0
M4_W6_247,0.7002504876275665,0.5275661522719023,0.9574019575825237,0.6490260920787327,0.599842206919133,0.731055130658803,1,0,0,0.5,0,1,0,0
M4_W6_248,0.9112383663883077,0.5877674858555051,0.874030465754541,0.4765571199418338,0.5073875786236359,0.7651107455043684,1,1,1,1.0,0,1,1,1
M4_W6_249,0.5044572167992698,0.8434796813112044,0.8173040780794892,0.8463820879350622,0.6887911704192896,0.1868656605016399,0,1,1,0.5,0,1,1,0
M4_W6_250,0.8442458590388192,0.8751344345444134,0.7400775535776107,0.930980736275565,0.6378419335664064,0.4702051508850384,1,1,1,1.0,0,1,1,1
M4_W6_251,0.7435945012222058,0.8191766666036577,0.49991179877102937,0.5755795615633138,0.8613965566566613,0.7968304425458176,1,1,1,1.0,0,1,1,1
M4_W6_252,0.7496785514903979,0.44157595921265425,0.6280535823616301,0.8504691493041563,0.8634603798877889,0.4747646130009807,0,1,1,1.0,0,1,1,0
M4_W6_253,0.5772004360077351,0.893883361960221,0.938691191059759,0.392665891164579,0.6917650295250282,0.7574316493238619,1,1,1,0.0,0,1,1,0
M4_W6_254,0.9098081978047853,0.7348836384357329,0.8259732466266416,0.6767479198185238,0.6317937039213465,0.762951411225482,0,1,1,0.0,0,1,1,0
M4_W6_255,0.8112687955660348,0.8180917170933015,0.899969130414504,0.6966636418669635,0.6414337675629316,0.7477618980634227,1,1,1,0.5,0,1,0,0
M4_W6_256,0.7481065888271545,0.5545967872021567,0.77135214810523,0.6760873814212172,0.9792261064318345,0.7621441240491343,1,1,1,1.0,0,1,1,1
M4_W6_257,0.6590683306350816,0.8221905550666591,0.6732747771894232,0.33790710013029857,0.5711895017451752,0.9121106332221305,1,1,1,1.0,0,1,1,0
M4_W6_258,0.3452994715909213,0.6306528626025043,0.7473017528300147,0.8647537830768447,0.8633751236534261,0.6169505779071087,1,1,1,1.0,0,1,1,0
M4_W6_259,0.8541128585187914,0.5903810702477273,0.6769834268250081,0.779111809385982,0.6588149611662979,0.9198650325797747,0,1,1,0.5,0,1,1,0
M4_W6_260,0.45481434216813493,0.2817666382097435,0.6584570677439019,0.8111353905694997,0.8851118340606302,0.5568036311093814,1,1,1,1.0,0,1,0,0
M4_W6_261,0.8840530921186661,0.5758588833393148,0.8475169748538602,0.6804651875960165,0.4895200381828387,0.8727115026029619,1,1,0,1.0,0,1,1,0
M4_W6_262,0.8569652218507747,0.7876016392285122,0.2174895581484041,0.7242334241824631,0.6882137245969189,0.7505792157038936,1,1,1,1.0,0,1,1,0
M4_W6_263,0.7930960969387013,0.8337942629287243,0.7895800237531365,0.6428465603923026,0.8389784155987183,0.5187295653374521,1,1,1,1.0,0,1,1,1
M4_W6_264,0.4935119376981646,0.46005309413983614,0.7519834476390835,0.8860119287097106,0.6248100787898159,0.39138503223421994,1,1,1,1.0,0,1,1,1
M4_W6_265,0.46312111310962695,0.7684861167341782,0.92641638667007,0.6452581519318629,0.7213337741814675,0.8497364841681553,1,1,1,1.0,0,1,1,0
M4_W6_266,0.7253396512815028,0.750958474771587,0.6675906851192911,0.9222875500197079,0.4743945478574684,0.7097269173745853,1,0,0,1.0,0,1,1,0
M4_W6_267,0.7476244721203293,0.6464120636371345,0.8134207969987559,0.7886791920845827,0.46239228408507504,0.709882324721279,1,1,0,1.0,0,1,1,0
M4_W6_268,0.31379528821057906,0.7673486135940863,0.707723512654633,0.6355953383855362,0.8028275455835129,0.7900483841628393,0,1,1,1.0,0,1,1,0
M4_W6_269,0.7041039628076632,0.5737329723492065,0.7645113498098911,0.7263357124464961,0.8029885577111835,0.774607314966007,1,1,1,1.0,0,1,1,1
M4_W6_270,0.352059647684716,0.9369599002090342,0.747058435388565,0.6870670935431227,0.7901145131955721,0.8753546774417119,1,1,1,1.0,0,1,1,1
M4_W6_271,0.5700912033912867,0.6205622576114921,0.5599757727677755,0.6903094148179909,0.7905749845385109,0.7811747274268843,1,0,1,1.0,1,1,1,0
M4_W6_272,0.7154401507747669,0.7574583839093689,0.39391462020713786,0.6115554624777446,0.8696872335056992,0.9082748659266656,1,0,1,1.0,0,1,1,0
M4_W6_273,0.37383128172505886,0.7885288125800969,0.7625600002922297,0.6388319712654997,0.7951583274121737,0.5609477552631319,1,1,1,1.0,0,1,1,1
M4_W6_274,0.4749545667184592,0.8162699219761369,0.6454647118964137,0.7975090889735844,0.7861307058846351,0.6714754611626077,1,1,1,1.0,0,1,0,0
M4_W6_275,0.6170542903537799,0.23314279759123854,0.671823616210779,0.7244447415106245,0.5713593817350288,0.644547651442985,1,1,1,0.5,0,0,1,0
M4_W6_276,0.5502768778116018,0.8986730328641852,0.6970648666647106,0.765237433047602,0.7509728582303989,0.5104011207772563,1,0,1,1.0,0,0,1,0
M4_W6_277,0.6716001558059493,0.6683340775272075,0.8737510060183913,0.844830044000477,0.4897571712077751,0.9402907357423779,1,1,1,1.0,0,1,1,1
M4_W6_278,0.8608782949322156,0.3312287263103698,0.8645180324898378,0.572844945128708,0.5660377009416433,0.71878093858063,1,0,1,1.0,0,1,1,0
M4_W6_279,0.8047362280609667,0.765428702034446,0.38697663963966056,0.7111433929422492,0.5291160202099923,0.5877208643630736,0,1,0,1.0,0,1,1,0
M4_W6_280,0.6455695615943259,0.8681005575317053,0.4767662066195382,0.6737893989132777,0.4254919048854068,0.5424417506627186,1,1,0,0.5,0,1,1,0
M4_W6_281,0.8142349916759511,0.5984008938759279,0.7463810760581834,0.3370592619104795,0.7292005617127061,0.7363704567279349,1,1,1,0.0,0,1,1,0
M4_W6_282,0.7268206284095996,0.6809809841054426,0.6993461086681535,0.6135904262318989,0.7791984333412267,0.3436942352627691,1,1,1,1.0,0,1,1,0
M4_W6_283,0.6728690158076487,0.7262320815355191,0.386276553791648,0.7124874723973602,0.42836916318896523,0.6827345287410804,1,1,1,0.0,0,1,1,0
M4_W6_284,0.4101197087927099,0.2483580212508048,0.7803396541335272,0.9236118732327329,0.6408466804357239,0.591836413180133,1,1,1,1.0,1,1,1,0
M4_W6_285,0.6395693902637162,0.5003916679922299,0.7599927272028708,0.5683864569631804,0.70103384289815,0.6534647445634906,1,1,1,1.0,0,1,1,0
M4_W6_286,0.691021045788128,0.6197692638634669,0.8531017956507306,0.3902568016198735,0.5262294205947906,0.5101599915798761,1,1,1,1.0,0,1,1,0
M4_W6_287,0.42318445667265137,0.4602524014609587,0.8275471728943126,0.7226913402408228,0.8480318614614087,0.8589924620576209,1,1,1,1.0,1,1,0,0
M4_W6_288,0.8088031313262133,0.9444687334684561,0.780412696705458,0.9666443562007585,0.9070669149745264,0.8240506366595849,1,1,1,1.0,0,1,1,1
M4_W6_289,0.6496136153944897,0.8596772003680601,0.27345462561236583,0.8503737524946074,0.6789711561059613,0.8233124139496304,1,1,1,1.0,0,1,1,0
M4_W6_290,0.5975854193063014,0.7394978188955456,0.9051265287420365,0.6469890592774837,0.7272670817994729,0.6477550696126232,1,1,1,1.0,0,1,0,0
M4_W6_291,0.9448285621140653,0.7694251231139378,0.38124861437688823,0.6196889347994956,0.7224184444730611,0.6989019227219877,1,0,0,1.0,0,1,1,0
M4_W6_292,0.8880915925775119,0.9091786928298279,0.5649164719585157,0.6325143362149157,0.591141739399685,0.4479123168307212,1,0,1,1.0,0,1,1,0
M4_W6_293,0.3005725576875941,0.6833667371449605,0.788558895522458,0.7997241892845574,0.6081443924925285,0.752632694338636,1,1,0,1.0,0,1,1,0
M4_W6_294,0.9326502016743426,0.7732601900251823,0.797650910570193,0.8701803950834281,0.33290068967978975,0.9716601015718772,1,1,1,1.0,1,1,1,0
M4_W6_295,0.8599794175720941,0.7556397775141277,0.4133756506107451,0.8034071487445005,0.8656000042030156,0.7813778100694779,1,1,1,1.0,0,1,1,1
M4_W6_296,0.6359861690600694,0.7614138621326033,0.7749809149664061,0.981969229458617,0.7926567178150808,0.9348548180022411,1,1,0,1.0,0,1,1,0
M4_W6_297,0.6792908527898663,0.7905834203604108,0.84985563917987,0.6935964333107777,0.9467066547316794,0.35469323374942535,0,1,0,1.0,1,1,1,0
M4_W6_298,0.4246501247671612,0.4406832344436928,0.7937224026867618,0.8808994834325875,0.6218583012319295,0.529086809064021,1,1,0,1.0,0,1,0,0
M4_W6_299,0.5050613624704037,0.5357066455697556,0.7666619128855038,0.7267366517948403,0.6102063277134201,0.7987961237540007,1,1,1,1.0,0,1,1,0
M4_W6_300,0.48197993666924666,0.7085562440338844,0.4545141017578468,0.6289944238425833,0.7812330822698327,0.5606162856920475,1,1,1,1.0,0,1,1,0
M4_W6_301,0.7717637009263837,0.738218339078613,0.7833712921090346,0.6625309209652123,0.5284392652456723,0.8799185249428814,1,1,1,0.0,0,1,1,0
M4_W6_302,0.6464662324870005,0.48617106614353905,0.7505304456986636,0.4047224999230173,0.860582018260971,0.8615053996054843,1,0,1,1.0,0,1,1,0
M4_W6_303,0.7661498946611794,0.7263704954998094,0.9376683451744587,0.47339199019048694,0.7640168626024241,0.7959034577821423,0,1,0,1.0,0,1,1,0
M4_W6_304,0.7932980806402309,0.5710995512283427,0.5207074658227111,0.826499835675486,0.5913403252918856,0.6762212808628633,1,0,1,1.0,0,1,1,0
M4_W6_305,0.8468100552299828,0.5409108350230474,0.674737958166037,0.9029600321101825,0.6042790625730508,0.6279390948272678,1,1,1,1.0,0,1,1,1
M4_W6_306,0.17005959128688997,0.8959322304894527,0.7142009402627469,0.6159351223693922,0.6308495588267222,0.6608855037393053,1,1,0,1.0,0,1,0,0
M4_W6_307,0.6993791490617093,0.6360378359245045,0.6517109894408509,0.5591228783820328,0.6311954347358231,0.8547616118323738,1,0,0,1.0,0,1,1,0
M4_W6_308,0.8225841548533445,0.5199813658537139,0.9359939300221286,0.756012990005976,0.44940251388680313,0.2961000321475388,1,1,0,1.0,1,1,1,0
M4_W6_309,0.8906597519438949,0.8901077149104003,0.7649779559870675,0.33498106951206047,0.973549215717694,0.5683017824777643,1,1,1,0.5,0,1,1,0
M4_W6_310,0.8205587344346699,0.4430306290064513,0.6885441441531032,0.44618560440982163,0.567972127883999,0.45321516155451835,1,1,1,1.0,0,1,1,0
M4_W6_311,0.5154010633320805,0.7812314154785298,0.5884364665316174,0.6958030243084103,0.7506684611190786,0.6555892418406036,1,1,0,1.0,0,0,1,0
M4_W6_312,0.6584147948022315,0.8052338309586763,0.888556532553282,0.6781747022737814,0.6240653879715211,0.5838870534278038,1,1,1,0.5,0,1,1,0
M4_W6_313,0.9376154477585029,0.4574847027154311,0.718870441656455,0.8521867737389559,0.46569057099411376,0.762645452568542,1,1,1,1.0,0,1,1,1
M4_W6_314,0.23992487207307328,0.9625630090582881,0.514256904163653,0.7945430286808278,0.3471699629005785,0.6156922900477941,1,1,0,0.5,0,1,1,0
M4_W6_315,0.8135651524024972,0.7470891172223828,0.7908549119296528,0.7372608472891518,0.887214176281333,0.6642948697970638,1,1,1,1.0,0,1,0,0
M4_W6_316,0.7626357643541644,0.9189290675690633,0.43783980116737375,0.7766028834126996,0.7103577260863059,0.8976933133542413,1,1,1,1.0,1,1,1,0
M4_W6_317,0.7697590329934995,0.43817275109117104,0.8137221386734362,0.8064054224604605,0.5681756501860161,0.884444021147945,0,1,1,0.5,0,1,1,0
M4_W6_318,0.5631811000861386,0.5904208989706785,0.7345478512984703,0.7885133614459601,0.818496904013737,0.7062731069397037,0,1,1,1.0,0,1,1,0
M4_W6_319,0.5324005726042297,0.7513051615242825,0.8098018762382456,0.6412297196325617,0.8738969207621324,0.47452169779909203,1,1,0,0.5,0,0,1,0
M4_W6_320,0.7229568611128677,0.7559818207615124,0.6086302571590209,0.5889562506860837,0.5690308153382173,0.743575388000907,0,1,1,1.0,0,1,0,0
M4_W6_321,0.8465232081107497,0.8269802081844229,0.7576392519095079,0.48447109492570245,0.6552196776375476,0.6478093171580525,1,0,1,0.5,0,1,1,0
M4_W6_322,0.23219877313601292,0.5045826172055884,0.9170594633199427,0.8326306638450223,0.8170590402632893,0.763230170525111,1,1,1,1.0,0,1,1,0
M4_W6_323,0.7179931795559504,0.9267096486952955,0.44370421863275794,0.6296232175761206,0.772455307720726,0.7411342093942949,1,1,0,1.0,0,1,0,0
M4_W6_324,0.8251493108439056,0.61354694824626,0.5349282388925414,0.6831801750911971,0.7746680867318473,0.6847393603389749,0,1,0,1.0,0,1,1,0
M4_W6_325,0.23270461271590667,0.599814257630774,0.4436913365149927,0.7931365666526068,0.888101082243736,0.9391708320297331,1,1,1,0.0,0,1,1,0
M4_W6_326,0.7827126700877075,0.9855524850432518,0.7930060464129163,0.7988288982348166,0.4199307105702819,0.42605812988251174,1,1,1,1.0,0,0,1,0
M4_W6_327,0.25024068396702087,0.6228671819143672,0.7983335470077365,0.8581247216175123,0.543005532122197,0.7448354936206958,1,1,1,1.0,0,1,1,0
M4_W6_328,0.1497346193557771,0.743012417897197,0.30006106423384055,0.6844730829839553,0.23693732226823933,0.7339272956940595,1,1,1,0.5,0,1,1,0
M4_W6_329,0.5087483856837377,0.45153993811277304,0.7094650889903891,0.6791346176403655,0.9331213644839844,0.6764304215933558,1,1,1,1.0,0,1,0,0
M4_W6_330,0.4571459851819125,0.7651829003840109,0.4877829157142005,0.7651988178745853,0.8622575268884853,0.7393956553816972,1,1,1,1.0,0,1,1,1
M4_W6_331,0.5435499667019591,0.6195909484634899,0.775428621253416,0.5847959517291598,0.7105214908604035,0.6961994085010373,1,1,1,1.0,1,1,1,0
M4_W6_332,0.8839644481926479,0.10973657795316566,0.4037797762662969,0.8435058244722806,0.7044445957674419,0.8246580411110235,1,1,1,1.0,0,1,1,0
M4_W6_333,0.9447774288024837,0.3823253849777434,0.6104744496275489,0.7098094347394825,0.8033914544110902,0.7512002173775367,1,1,1,1.0,0,1,1,1
M4_W6_334,0.8935983484719748,0.6130588952530107,0.8567993816014196,0.646156270063634,0.9155462172947703,0.8792950476699306,1,1,1,1.0,0,0,1,0
M4_W6_335,0.43780529894123366,0.5522743178314311,0.7397324016519274,0.6200176942267962,0.7548901672746633,0.7794331409763797,1,1,1,1.0,0,1,1,0
M4_W6_336,0.7831464669223462,0.80602925774557,0.5431552715200221,0.8663448649932056,0.6741852486386493,0.9092701032158019,1,1,1,1.0,0,1,1,1
M4_W6_337,0.8088380278433389,0.2718062603107681,0.325296233495849,0.6046915714942024,0.6926038759518295,0.676131736781695,1,1,1,1.0,0,1,1,0
M4_W6_338,0.9191678791310831,0.8883779366813089,0.6017610869075714,0.33202711461157836,0.7812938440652273,0.6907591705796441,1,1,1,1.0,0,1,1,0
M4_W6_339,0.5803545118410119,0.7153500994818601,0.7047915804768228,0.7452569355496791,0.5792931994880748,0.7935049445381291,1,0,0,1.0,0,1,1,0
M4_W6_340,0.651630102416654,0.5453494606559695,0.9968933280100586,0.7509605997229091,0.510835667185707,0.6796605267552724,1,1,1,1.0,0,1,1,0
M4_W6_341,0.6714321017834891,0.7868878986768026,0.8696656291468485,0.7717624817607672,0.8093655218622303,0.6385076681927108,1,1,0,1.0,0,1,1,0
M4_W6_342,0.6523962226373251,0.8218353382042151,0.6230269319954671,0.5287565772532056,0.7919395903616379,0.6774994982471253,0,1,1,1.0,0,1,1,0
M4_W6_343,0.5235552509971749,0.627602513901983,0.8890436019154085,0.44601605257692833,0.3998872152153618,0.8028339992301895,1,1,1,1.0,0,1,0,0
M4_W6_344,0.6614858013349689,0.8739569655761306,0.6931992726663067,0.6509509458431912,0.829510211873691,0.8750893539193072,1,1,1,1.0,0,1,1,1
M4_W6_345,0.38589801615391534,0.6040531073573653,0.7508215497964247,0.32443073008872625,0.6324563786479471,0.5998163053337383,1,1,1,1.0,0,1,1,0
M4_W6_346,0.47809534794197694,0.5947238276980115,0.941838211057675,0.5086067189241488,0.7701206122281937,0.9609492109515695,1,1,0,0.5,0,1,1,0
M4_W6_347,0.23954022285947318,0.923699586584698,0.42199286737629693,0.9008647633531572,0.4817236469486897,0.8462971467518694,0,1,0,1.0,0,1,1,0
M4_W6_348,0.8611711418438297,0.8890320611511647,0.589621042773687,0.837807640064145,0.4284213210442204,0.9375084784808467,1,1,1,0.5,0,1,0,0
M4_W6_349,0.33137480723457063,0.9345263743287293,0.7242018274446906,0.885252209718823,0.7164768356252996,0.6665276253324903,1,1,1,1.0,0,1,1,0
M4_W6_350,0.4607745311611942,0.45281045957521415,0.83312474828338,0.8234972691914781,0.5136780274793987,0.7588012351896681,1,1,1,1.0,0,1,1,1
M4_W6_351,0.8858807562585873,0.8082552335768304,0.7156256991603791,0.5171133887259964,0.3977843733636829,0.5852824736455612,1,0,0,0.0,0,1,1,0
M4_W6_352,0.7352789356382957,0.7899143705866034,0.852470645200061,0.8806906213703591,0.6053754675380667,0.8640910458733068,1,1,1,0.5,0,1,1,1
M4_W6_353,0.6602312771044184,0.5774885481220575,0.9044150937946152,0.7149166370722047,0.7644179764388475,0.7728411857319211,1,1,1,1.0,0,1,0,0
M4_W6_354,0.4209287431125191,0.5869026015007626,0.9204459118431975,0.5978104472229935,0.38033021248477417,0.771339495797799,1,0,0,1.0,0,1,0,0
M4_W6_355,0.8937155454558319,0.44394685211293433,0.7530270944812673,0.8365500764023888,0.9147650724349513,0.6637325043843769,1,1,0,1.0,0,1,1,0
M4_W6_356,0.7766537912521662,0.6917992674389967,0.7137886141005343,0.7434528500892377,0.8509420449400815,0.8148321780959641,1,1,1,1.0,0,1,1,1
M4_W6_357,0.4379873427162754,0.7516993234938159,0.8913601939434478,0.6677374663590686,0.5746459027974715,0.8504551460389875,1,1,1,1.0,0,1,1,0
M4_W6_358,0.4085574672576343,0.699362773023315,0.715426825938313,0.751534486515281,0.7625019388141324,0.6942567460416776,1,1,1,1.0,0,1,1,0
M4_W6_359,0.8783915179612399,0.6950729860437859,0.7365502626810329,0.86807031392765,0.6118189315156937,0.746360780227124,1,0,1,1.0,0,1,0,0
M4_W6_360,0.46223539443278044,0.527645836946878,0.7254673704549097,0.871596539085352,0.6813223763661189,0.5598043686930771,1,0,1,1.0,0,1,1,0
M4_W6_361,0.10509568056855867,0.5781694130290961,0.8186750771410195,0.9183244255455076,0.5817172226118633,0.5088392137241141,1,1,0,1.0,0,1,0,0
M4_W6_362,0.5058602271490399,0.6266865371107907,0.6337832760183734,0.8791810851229588,0.6893752906203204,0.9581943709341545,1,1,1,1.0,1,1,1,0
M4_W6_363,0.48625004607520944,0.614991940524356,0.8368723864033145,0.7854475701553344,0.8439666742755615,0.7472294575335215,1,1,0,1.0,0,1,1,0
M4_W6_364,0.5225906491522864,0.705370970362955,0.6660213903631306,0.8108745642480709,0.7607818895646599,0.849242019439345,1,0,1,0.5,1,1,1,0
M4_W6_365,0.6602482605345367,0.851480978345925,0.6319987598720453,0.7344559330538055,0.5623374780134068,0.5732480505738347,1,1,1,1.0,1,1,1,0
M4_W6_366,0.6389316784010217,0.5867602213217586,0.4462026950505718,0.6766402300398658,0.6733925356264134,0.6531948088509713,1,1,0,0.5,0,1,1,0
M4_W6_367,0.5118644945832646,0.8882164273626681,0.8651668772051704,0.6718519324400668,0.9447835840196572,0.892674178677098,1,1,1,1.0,0,1,1,1
M4_W6_368,0.8916183292202208,0.9091282296512126,0.5819046679250321,0.7965586542445546,0.46556668562064274,0.6092494146481794,1,1,1,1.0,0,1,1,1
M4_W6_369,0.25354006180775257,0.4945784592631392,0.6562748965466575,0.664160972230834,0.7860641020941401,0.6424054781595461,1,1,1,1.0,0,1,1,0
M4_W6_370,0.3582879115179705,0.4022234690937984,0.3116416118242486,0.6969039948186435,0.5268357281312085,0.7584210828380601,1,0,1,0.5,0,0,1,0
M4_W6_371,0.23431394408151301,0.7498893966930301,0.7299319712523795,0.5813397429423453,0.7785951405524315,0.7551833899158173,1,1,1,0.5,0,1,0,0
M4_W6_372,0.6950476227423396,0.6650968181364358,0.5461381060345128,0.8205493105623342,0.5628136875000755,0.5476915964733152,1,1,1,1.0,0,1,1,0
M4_W6_373,0.8383533848325273,0.8200831672455985,0.7536946604092783,0.8936682449221651,0.6232124719766728,0.6750540292600872,1,1,0,1.0,0,1,1,0
M4_W6_374,0.7105388690249931,0.7788258706348735,0.5536795355518039,0.4278053256619343,0.6265414886044147,0.3167107471497097,1,0,0,1.0,0,1,1,0
M4_W6_375,0.7641617110651497,0.8268307457439782,0.6783443258826135,0.8665602107720686,0.4255599098679431,0.7573070369895513,1,1,1,1.0,0,1,1,0
M4_W6_376,0.7703052238430571,0.6929839485516702,0.2965317307699565,0.9636227697129985,0.9610376645313516,0.6579870715827502,1,1,1,1.0,0,1,0,0
M4_W6_377,0.5492448437774196,0.7819639114405875,0.8457870964085842,0.7603858436710575,0.7017224411794424,0.8892948513107842,1,1,1,1.0,0,1,1,0
M4_W6_378,0.7449414799649412,0.4782082399567235,0.5615904342853348,0.4853273743016279,0.9674065676987247,0.9186318892995835,1,1,1,0.5,0,1,1,1
M4_W6_379,0.612940791830127,0.6588218383546877,0.4650777765185576,0.8598932181452364,0.7861080606382815,0.7745104956907081,1,1,0,1.0,0,1,1,0
M4_W6_380,0.34254278538123467,0.6733045782124385,0.9904092387167746,0.5591217968052955,0.6552342078394046,0.8508657660330807,1,1,1,1.0,0,1,1,1
M4_W6_381,0.8256593230223733,0.7197631939488207,0.6402014546061938,0.7776688371328476,0.752759080764947,0.5103443940212423,1,1,0,0.5,0,1,1,0
M4_W6_382,0.808417727779705,0.35558697456185195,0.5924316674689428,0.6267367111413881,0.5597457155286782,0.6301546863514749,1,1,1,1.0,0,1,1,0
M4_W6_383,0.7035141514520497,0.4848365601196233,0.3397871355526378,0.9267167563939804,0.624348458543475,0.8700331712724287,1,1,1,1.0,0,0,1,0
M4_W6_384,0.7236364403068294,0.6555405903616193,0.7780349910698705,0.5885252979287365,0.9459238551213431,0.8024422770656818,1,0,0,1.0,0,1,0,0
M4_W6_385,0.7114386629907509,0.6338150461218407,0.8026627718690792,0.6147717319494546,0.792187774587005,0.4059090413096096,1,1,1,0.5,0,1,1,0
M4_W6_386,0.7155090607872591,0.5932327927088255,0.7073411760384543,0.5675832212054895,0.770102776383592,0.7753995702350133,1,1,0,1.0,0,0,1,0
M4_W6_387,0.5112201782584127,0.6374154136086309,0.8916274423394237,0.7368853443244351,0.5284065048508062,0.6472757159939599,1,1,0,1.0,0,1,1,0
M4_W6_388,0.6640667756185759,0.5008949815630798,0.6988883931806185,0.7001724501289497,0.7943570160897694,0.5835944748402868,1,0,1,1.0,0,1,1,0
M4_W6_389,0.4740085467009848,0.704693469199136,0.8134590112129408,0.6464840117185157,0.8058840248849829,0.5795227246159231,1,0,1,1.0,1,1,1,0
M4_W6_390,0.6467661128544211,0.8242667235930144,0.5217971622082819,0.761256105499293,0.5927771509736471,0.9291201925215528,1,1,1,1.0,0,0,1,0
M4_W6_391,0.6586838634403694,0.74984804840347,0.5321223513852936,0.8538662705369136,0.8668637438094654,0.539797149809913,1,1,0,0.5,0,1,1,0
M4_W6_392,0.9208340733908764,0.39075397222015773,0.844061146244431,0.5952548019580061,0.7595439963924165,0.6527988613690449,1,1,0,1.0,1,1,1,0
M4_W6_393,0.6640471301031408,0.9203992294176634,0.43185401423709724,0.7268139786937199,0.8021651151270065,0.6695743026713402,1,1,1,1.0,0,1,1,1
M4_W6_394,0.34013557461936816,0.9150577598476056,0.6464889776585866,0.7983391991847305,0.8407357402166155,0.7950234692778002,1,1,1,1.0,0,1,1,0
M4_W6_395,0.7473864112176177,0.843551148285908,0.49758705870553493,0.8407896520704318,0.8231435704666306,0.41149806441285447,1,0,1,1.0,0,1,1,0
M4_W6_396,0.8832248283843193,0.8047220093023743,0.7569575708291972,0.965737858033554,0.7971696523186492,0.6365590454888191,1,1,1,1.0,0,1,1,1
M4_W6_397,0.8347573234248967,0.8115586698598056,0.45786119451749285,0.9284892204226127,0.9417277252004057,0.8303653841591395,1,1,1,1.0,0,1,0,0
M4_W6_398,0.638701683051791,0.44364466307376726,0.7599016280302101,0.7734395070099241,0.9130277189707313,0.5747412984215582,1,1,0,0.5,0,1,1,0
M4_W6_399,0.6977467538026044,0.8311911902405469,0.42466998796782335,0.46614126928219257,0.7792739619086057,0.8382086348100758,1,1,1,1.0,0,1,1,0
M4_W6_400,0.35480283421860576,0.8036553140611887,0.5637263666261256,0.866874675415375,0.6774349468773162,0.7329098065926539,1,1,1,1.0,0,1,1,1
